target_subject,budget_per_class,roc_auc,dataset,regime,method,figure_panel,participant_order_rank
40,5,0.51456,Lee2019_MI,subject,riemann_lr,A,0
27,5,0.50096,Lee2019_MI,subject,riemann_lr,A,1
35,5,0.59444,Lee2019_MI,subject,riemann_lr,A,2
11,5,0.4850799999999999,Lee2019_MI,subject,riemann_lr,A,3
50,5,0.54852,Lee2019_MI,subject,riemann_lr,A,4
52,5,0.5751999999999999,Lee2019_MI,subject,riemann_lr,A,5
34,5,0.51268,Lee2019_MI,subject,riemann_lr,A,6
4,5,0.64988,Lee2019_MI,subject,riemann_lr,A,7
38,5,0.51632,Lee2019_MI,subject,riemann_lr,A,8
17,5,0.60616,Lee2019_MI,subject,riemann_lr,A,9
54,5,0.50976,Lee2019_MI,subject,riemann_lr,A,10
51,5,0.5568,Lee2019_MI,subject,riemann_lr,A,11
30,5,0.59932,Lee2019_MI,subject,riemann_lr,A,12
25,5,0.6426000000000001,Lee2019_MI,subject,riemann_lr,A,13
12,5,0.6253599999999999,Lee2019_MI,subject,riemann_lr,A,14
48,5,0.52776,Lee2019_MI,subject,riemann_lr,A,15
26,5,0.4546,Lee2019_MI,subject,riemann_lr,A,16
24,5,0.59412,Lee2019_MI,subject,riemann_lr,A,17
53,5,0.60004,Lee2019_MI,subject,riemann_lr,A,18
10,5,0.59932,Lee2019_MI,subject,riemann_lr,A,19
16,5,0.55128,Lee2019_MI,subject,riemann_lr,A,20
46,5,0.5472,Lee2019_MI,subject,riemann_lr,A,21
41,5,0.57504,Lee2019_MI,subject,riemann_lr,A,22
14,5,0.5791999999999999,Lee2019_MI,subject,riemann_lr,A,23
8,5,0.5014000000000001,Lee2019_MI,subject,riemann_lr,A,24
42,5,0.59996,Lee2019_MI,subject,riemann_lr,A,25
13,5,0.56124,Lee2019_MI,subject,riemann_lr,A,26
2,5,0.67012,Lee2019_MI,subject,riemann_lr,A,27
31,5,0.64948,Lee2019_MI,subject,riemann_lr,A,28
7,5,0.6059599999999999,Lee2019_MI,subject,riemann_lr,A,29
20,5,0.56016,Lee2019_MI,subject,riemann_lr,A,30
15,5,0.42196,Lee2019_MI,subject,riemann_lr,A,31
22,5,0.60092,Lee2019_MI,subject,riemann_lr,A,32
6,5,0.63452,Lee2019_MI,subject,riemann_lr,A,33
43,5,0.63684,Lee2019_MI,subject,riemann_lr,A,34
9,5,0.61356,Lee2019_MI,subject,riemann_lr,A,35
45,5,0.83496,Lee2019_MI,subject,riemann_lr,A,36
49,5,0.6674399999999999,Lee2019_MI,subject,riemann_lr,A,37
47,5,0.5374399999999999,Lee2019_MI,subject,riemann_lr,A,38
1,5,0.63788,Lee2019_MI,subject,riemann_lr,A,39
18,5,0.82104,Lee2019_MI,subject,riemann_lr,A,40
19,5,0.6533599999999999,Lee2019_MI,subject,riemann_lr,A,41
23,5,0.7437199999999999,Lee2019_MI,subject,riemann_lr,A,42
5,5,0.76448,Lee2019_MI,subject,riemann_lr,A,43
39,5,0.5902000000000001,Lee2019_MI,subject,riemann_lr,A,44
29,5,0.96124,Lee2019_MI,subject,riemann_lr,A,45
3,5,0.92684,Lee2019_MI,subject,riemann_lr,A,46
28,5,0.73024,Lee2019_MI,subject,riemann_lr,A,47
32,5,0.97788,Lee2019_MI,subject,riemann_lr,A,48
44,5,0.85592,Lee2019_MI,subject,riemann_lr,A,49
33,5,0.84916,Lee2019_MI,subject,riemann_lr,A,50
37,5,0.96196,Lee2019_MI,subject,riemann_lr,A,51
21,5,0.94172,Lee2019_MI,subject,riemann_lr,A,52
36,5,0.99828,Lee2019_MI,subject,riemann_lr,A,53
40,10,0.56508,Lee2019_MI,subject,riemann_lr,A,0
27,10,0.5076400000000001,Lee2019_MI,subject,riemann_lr,A,1
35,10,0.6239600000000001,Lee2019_MI,subject,riemann_lr,A,2
11,10,0.4873999999999999,Lee2019_MI,subject,riemann_lr,A,3
50,10,0.55748,Lee2019_MI,subject,riemann_lr,A,4
52,10,0.59912,Lee2019_MI,subject,riemann_lr,A,5
34,10,0.53,Lee2019_MI,subject,riemann_lr,A,6
4,10,0.75112,Lee2019_MI,subject,riemann_lr,A,7
38,10,0.5319200000000001,Lee2019_MI,subject,riemann_lr,A,8
17,10,0.63424,Lee2019_MI,subject,riemann_lr,A,9
54,10,0.4680399999999999,Lee2019_MI,subject,riemann_lr,A,10
51,10,0.5822,Lee2019_MI,subject,riemann_lr,A,11
30,10,0.63392,Lee2019_MI,subject,riemann_lr,A,12
25,10,0.68092,Lee2019_MI,subject,riemann_lr,A,13
12,10,0.65652,Lee2019_MI,subject,riemann_lr,A,14
48,10,0.58576,Lee2019_MI,subject,riemann_lr,A,15
26,10,0.4918,Lee2019_MI,subject,riemann_lr,A,16
24,10,0.63068,Lee2019_MI,subject,riemann_lr,A,17
53,10,0.62576,Lee2019_MI,subject,riemann_lr,A,18
10,10,0.69216,Lee2019_MI,subject,riemann_lr,A,19
16,10,0.52336,Lee2019_MI,subject,riemann_lr,A,20
46,10,0.55864,Lee2019_MI,subject,riemann_lr,A,21
41,10,0.59768,Lee2019_MI,subject,riemann_lr,A,22
14,10,0.62212,Lee2019_MI,subject,riemann_lr,A,23
8,10,0.54048,Lee2019_MI,subject,riemann_lr,A,24
42,10,0.6284799999999999,Lee2019_MI,subject,riemann_lr,A,25
13,10,0.56404,Lee2019_MI,subject,riemann_lr,A,26
2,10,0.75888,Lee2019_MI,subject,riemann_lr,A,27
31,10,0.69208,Lee2019_MI,subject,riemann_lr,A,28
7,10,0.67428,Lee2019_MI,subject,riemann_lr,A,29
20,10,0.6202,Lee2019_MI,subject,riemann_lr,A,30
15,10,0.37888,Lee2019_MI,subject,riemann_lr,A,31
22,10,0.64672,Lee2019_MI,subject,riemann_lr,A,32
6,10,0.66552,Lee2019_MI,subject,riemann_lr,A,33
43,10,0.68636,Lee2019_MI,subject,riemann_lr,A,34
9,10,0.67004,Lee2019_MI,subject,riemann_lr,A,35
45,10,0.89728,Lee2019_MI,subject,riemann_lr,A,36
49,10,0.73804,Lee2019_MI,subject,riemann_lr,A,37
47,10,0.52896,Lee2019_MI,subject,riemann_lr,A,38
1,10,0.65996,Lee2019_MI,subject,riemann_lr,A,39
18,10,0.86384,Lee2019_MI,subject,riemann_lr,A,40
19,10,0.71604,Lee2019_MI,subject,riemann_lr,A,41
23,10,0.81204,Lee2019_MI,subject,riemann_lr,A,42
5,10,0.83428,Lee2019_MI,subject,riemann_lr,A,43
39,10,0.67576,Lee2019_MI,subject,riemann_lr,A,44
29,10,0.97132,Lee2019_MI,subject,riemann_lr,A,45
3,10,0.96788,Lee2019_MI,subject,riemann_lr,A,46
28,10,0.79776,Lee2019_MI,subject,riemann_lr,A,47
32,10,0.98816,Lee2019_MI,subject,riemann_lr,A,48
44,10,0.91456,Lee2019_MI,subject,riemann_lr,A,49
33,10,0.9276,Lee2019_MI,subject,riemann_lr,A,50
37,10,0.98592,Lee2019_MI,subject,riemann_lr,A,51
21,10,0.98192,Lee2019_MI,subject,riemann_lr,A,52
36,10,0.99984,Lee2019_MI,subject,riemann_lr,A,53
40,20,0.5596,Lee2019_MI,subject,riemann_lr,A,0
27,20,0.485,Lee2019_MI,subject,riemann_lr,A,1
35,20,0.6447999999999999,Lee2019_MI,subject,riemann_lr,A,2
11,20,0.52584,Lee2019_MI,subject,riemann_lr,A,3
50,20,0.5512400000000001,Lee2019_MI,subject,riemann_lr,A,4
52,20,0.6639999999999999,Lee2019_MI,subject,riemann_lr,A,5
34,20,0.5396799999999999,Lee2019_MI,subject,riemann_lr,A,6
4,20,0.80012,Lee2019_MI,subject,riemann_lr,A,7
38,20,0.54108,Lee2019_MI,subject,riemann_lr,A,8
17,20,0.6950000000000001,Lee2019_MI,subject,riemann_lr,A,9
54,20,0.47904,Lee2019_MI,subject,riemann_lr,A,10
51,20,0.5966,Lee2019_MI,subject,riemann_lr,A,11
30,20,0.6796,Lee2019_MI,subject,riemann_lr,A,12
25,20,0.71932,Lee2019_MI,subject,riemann_lr,A,13
12,20,0.72548,Lee2019_MI,subject,riemann_lr,A,14
48,20,0.60072,Lee2019_MI,subject,riemann_lr,A,15
26,20,0.51744,Lee2019_MI,subject,riemann_lr,A,16
24,20,0.6788000000000001,Lee2019_MI,subject,riemann_lr,A,17
53,20,0.6574,Lee2019_MI,subject,riemann_lr,A,18
10,20,0.7518,Lee2019_MI,subject,riemann_lr,A,19
16,20,0.56056,Lee2019_MI,subject,riemann_lr,A,20
46,20,0.60144,Lee2019_MI,subject,riemann_lr,A,21
41,20,0.6083999999999999,Lee2019_MI,subject,riemann_lr,A,22
14,20,0.6814,Lee2019_MI,subject,riemann_lr,A,23
8,20,0.56684,Lee2019_MI,subject,riemann_lr,A,24
42,20,0.67336,Lee2019_MI,subject,riemann_lr,A,25
13,20,0.57656,Lee2019_MI,subject,riemann_lr,A,26
2,20,0.82596,Lee2019_MI,subject,riemann_lr,A,27
31,20,0.70516,Lee2019_MI,subject,riemann_lr,A,28
7,20,0.7794800000000001,Lee2019_MI,subject,riemann_lr,A,29
20,20,0.67592,Lee2019_MI,subject,riemann_lr,A,30
15,20,0.39268,Lee2019_MI,subject,riemann_lr,A,31
22,20,0.7209200000000001,Lee2019_MI,subject,riemann_lr,A,32
6,20,0.76388,Lee2019_MI,subject,riemann_lr,A,33
43,20,0.71444,Lee2019_MI,subject,riemann_lr,A,34
9,20,0.7464799999999999,Lee2019_MI,subject,riemann_lr,A,35
45,20,0.94772,Lee2019_MI,subject,riemann_lr,A,36
49,20,0.78488,Lee2019_MI,subject,riemann_lr,A,37
47,20,0.5755600000000001,Lee2019_MI,subject,riemann_lr,A,38
1,20,0.74244,Lee2019_MI,subject,riemann_lr,A,39
18,20,0.89748,Lee2019_MI,subject,riemann_lr,A,40
19,20,0.7858,Lee2019_MI,subject,riemann_lr,A,41
23,20,0.8946400000000001,Lee2019_MI,subject,riemann_lr,A,42
5,20,0.91456,Lee2019_MI,subject,riemann_lr,A,43
39,20,0.7605999999999999,Lee2019_MI,subject,riemann_lr,A,44
29,20,0.98076,Lee2019_MI,subject,riemann_lr,A,45
3,20,0.98528,Lee2019_MI,subject,riemann_lr,A,46
28,20,0.8550000000000001,Lee2019_MI,subject,riemann_lr,A,47
32,20,0.99436,Lee2019_MI,subject,riemann_lr,A,48
44,20,0.97752,Lee2019_MI,subject,riemann_lr,A,49
33,20,0.9622,Lee2019_MI,subject,riemann_lr,A,50
37,20,0.99556,Lee2019_MI,subject,riemann_lr,A,51
21,20,0.99704,Lee2019_MI,subject,riemann_lr,A,52
36,20,1.0,Lee2019_MI,subject,riemann_lr,A,53
40,40,0.57332,Lee2019_MI,subject,riemann_lr,A,0
27,40,0.45824,Lee2019_MI,subject,riemann_lr,A,1
35,40,0.6568400000000001,Lee2019_MI,subject,riemann_lr,A,2
11,40,0.57412,Lee2019_MI,subject,riemann_lr,A,3
50,40,0.53296,Lee2019_MI,subject,riemann_lr,A,4
52,40,0.7205999999999999,Lee2019_MI,subject,riemann_lr,A,5
34,40,0.58192,Lee2019_MI,subject,riemann_lr,A,6
4,40,0.85312,Lee2019_MI,subject,riemann_lr,A,7
38,40,0.60244,Lee2019_MI,subject,riemann_lr,A,8
17,40,0.76644,Lee2019_MI,subject,riemann_lr,A,9
54,40,0.5516,Lee2019_MI,subject,riemann_lr,A,10
51,40,0.6261599999999999,Lee2019_MI,subject,riemann_lr,A,11
30,40,0.733,Lee2019_MI,subject,riemann_lr,A,12
25,40,0.76384,Lee2019_MI,subject,riemann_lr,A,13
12,40,0.78796,Lee2019_MI,subject,riemann_lr,A,14
48,40,0.62024,Lee2019_MI,subject,riemann_lr,A,15
26,40,0.54868,Lee2019_MI,subject,riemann_lr,A,16
24,40,0.70956,Lee2019_MI,subject,riemann_lr,A,17
53,40,0.6891999999999999,Lee2019_MI,subject,riemann_lr,A,18
10,40,0.78008,Lee2019_MI,subject,riemann_lr,A,19
16,40,0.5501199999999999,Lee2019_MI,subject,riemann_lr,A,20
46,40,0.61888,Lee2019_MI,subject,riemann_lr,A,21
41,40,0.62336,Lee2019_MI,subject,riemann_lr,A,22
14,40,0.73336,Lee2019_MI,subject,riemann_lr,A,23
8,40,0.6028,Lee2019_MI,subject,riemann_lr,A,24
42,40,0.70384,Lee2019_MI,subject,riemann_lr,A,25
13,40,0.6198,Lee2019_MI,subject,riemann_lr,A,26
2,40,0.8970800000000001,Lee2019_MI,subject,riemann_lr,A,27
31,40,0.7551599999999999,Lee2019_MI,subject,riemann_lr,A,28
7,40,0.8492,Lee2019_MI,subject,riemann_lr,A,29
20,40,0.7280800000000001,Lee2019_MI,subject,riemann_lr,A,30
15,40,0.40896,Lee2019_MI,subject,riemann_lr,A,31
22,40,0.78712,Lee2019_MI,subject,riemann_lr,A,32
6,40,0.79672,Lee2019_MI,subject,riemann_lr,A,33
43,40,0.78548,Lee2019_MI,subject,riemann_lr,A,34
9,40,0.8018799999999999,Lee2019_MI,subject,riemann_lr,A,35
45,40,0.9692,Lee2019_MI,subject,riemann_lr,A,36
49,40,0.8343999999999999,Lee2019_MI,subject,riemann_lr,A,37
47,40,0.60516,Lee2019_MI,subject,riemann_lr,A,38
1,40,0.78376,Lee2019_MI,subject,riemann_lr,A,39
18,40,0.91488,Lee2019_MI,subject,riemann_lr,A,40
19,40,0.82448,Lee2019_MI,subject,riemann_lr,A,41
23,40,0.94236,Lee2019_MI,subject,riemann_lr,A,42
5,40,0.96676,Lee2019_MI,subject,riemann_lr,A,43
39,40,0.83012,Lee2019_MI,subject,riemann_lr,A,44
29,40,0.989,Lee2019_MI,subject,riemann_lr,A,45
3,40,0.99244,Lee2019_MI,subject,riemann_lr,A,46
28,40,0.90176,Lee2019_MI,subject,riemann_lr,A,47
32,40,0.99528,Lee2019_MI,subject,riemann_lr,A,48
44,40,0.98792,Lee2019_MI,subject,riemann_lr,A,49
33,40,0.98484,Lee2019_MI,subject,riemann_lr,A,50
37,40,0.99832,Lee2019_MI,subject,riemann_lr,A,51
21,40,0.99872,Lee2019_MI,subject,riemann_lr,A,52
36,40,1.0,Lee2019_MI,subject,riemann_lr,A,53
40,0,0.4919999999999999,Lee2019_MI,source_plus_target,riemann_lr,B,0
27,0,0.5007999999999999,Lee2019_MI,source_plus_target,riemann_lr,B,1
35,0,0.4816000000000001,Lee2019_MI,source_plus_target,riemann_lr,B,2
11,0,0.5156000000000001,Lee2019_MI,source_plus_target,riemann_lr,B,3
50,0,0.5291999999999999,Lee2019_MI,source_plus_target,riemann_lr,B,4
52,0,0.5128,Lee2019_MI,source_plus_target,riemann_lr,B,5
34,0,0.5256000000000001,Lee2019_MI,source_plus_target,riemann_lr,B,6
4,0,0.4031999999999999,Lee2019_MI,source_plus_target,riemann_lr,B,7
38,0,0.5640000000000001,Lee2019_MI,source_plus_target,riemann_lr,B,8
17,0,0.5508,Lee2019_MI,source_plus_target,riemann_lr,B,9
54,0,0.5851999999999999,Lee2019_MI,source_plus_target,riemann_lr,B,10
51,0,0.5952000000000001,Lee2019_MI,source_plus_target,riemann_lr,B,11
30,0,0.5895999999999999,Lee2019_MI,source_plus_target,riemann_lr,B,12
25,0,0.5696,Lee2019_MI,source_plus_target,riemann_lr,B,13
12,0,0.5660000000000001,Lee2019_MI,source_plus_target,riemann_lr,B,14
48,0,0.5672,Lee2019_MI,source_plus_target,riemann_lr,B,15
26,0,0.6348,Lee2019_MI,source_plus_target,riemann_lr,B,16
24,0,0.6172,Lee2019_MI,source_plus_target,riemann_lr,B,17
53,0,0.6484,Lee2019_MI,source_plus_target,riemann_lr,B,18
10,0,0.6112,Lee2019_MI,source_plus_target,riemann_lr,B,19
16,0,0.6659999999999999,Lee2019_MI,source_plus_target,riemann_lr,B,20
46,0,0.6728000000000001,Lee2019_MI,source_plus_target,riemann_lr,B,21
41,0,0.6436,Lee2019_MI,source_plus_target,riemann_lr,B,22
14,0,0.6588,Lee2019_MI,source_plus_target,riemann_lr,B,23
8,0,0.6888,Lee2019_MI,source_plus_target,riemann_lr,B,24
42,0,0.6588,Lee2019_MI,source_plus_target,riemann_lr,B,25
13,0,0.6932,Lee2019_MI,source_plus_target,riemann_lr,B,26
2,0,0.6664,Lee2019_MI,source_plus_target,riemann_lr,B,27
31,0,0.6636,Lee2019_MI,source_plus_target,riemann_lr,B,28
7,0,0.6676,Lee2019_MI,source_plus_target,riemann_lr,B,29
20,0,0.7076,Lee2019_MI,source_plus_target,riemann_lr,B,30
15,0,0.7424000000000001,Lee2019_MI,source_plus_target,riemann_lr,B,31
22,0,0.6991999999999999,Lee2019_MI,source_plus_target,riemann_lr,B,32
6,0,0.6851999999999999,Lee2019_MI,source_plus_target,riemann_lr,B,33
43,0,0.7120000000000001,Lee2019_MI,source_plus_target,riemann_lr,B,34
9,0,0.7132,Lee2019_MI,source_plus_target,riemann_lr,B,35
45,0,0.6732000000000001,Lee2019_MI,source_plus_target,riemann_lr,B,36
49,0,0.7404,Lee2019_MI,source_plus_target,riemann_lr,B,37
47,0,0.7607999999999999,Lee2019_MI,source_plus_target,riemann_lr,B,38
1,0,0.778,Lee2019_MI,source_plus_target,riemann_lr,B,39
18,0,0.7636,Lee2019_MI,source_plus_target,riemann_lr,B,40
19,0,0.8168,Lee2019_MI,source_plus_target,riemann_lr,B,41
23,0,0.8156000000000001,Lee2019_MI,source_plus_target,riemann_lr,B,42
5,0,0.8116,Lee2019_MI,source_plus_target,riemann_lr,B,43
39,0,0.8332,Lee2019_MI,source_plus_target,riemann_lr,B,44
29,0,0.6676,Lee2019_MI,source_plus_target,riemann_lr,B,45
3,0,0.8388,Lee2019_MI,source_plus_target,riemann_lr,B,46
28,0,0.8716000000000002,Lee2019_MI,source_plus_target,riemann_lr,B,47
32,0,0.8935999999999998,Lee2019_MI,source_plus_target,riemann_lr,B,48
44,0,0.9244,Lee2019_MI,source_plus_target,riemann_lr,B,49
33,0,0.9412,Lee2019_MI,source_plus_target,riemann_lr,B,50
37,0,0.9684,Lee2019_MI,source_plus_target,riemann_lr,B,51
21,0,0.9856,Lee2019_MI,source_plus_target,riemann_lr,B,52
36,0,0.9995999999999998,Lee2019_MI,source_plus_target,riemann_lr,B,53
40,5,0.48744,Lee2019_MI,source_plus_target,riemann_lr,B,0
27,5,0.4957199999999999,Lee2019_MI,source_plus_target,riemann_lr,B,1
35,5,0.4896,Lee2019_MI,source_plus_target,riemann_lr,B,2
11,5,0.51796,Lee2019_MI,source_plus_target,riemann_lr,B,3
50,5,0.52796,Lee2019_MI,source_plus_target,riemann_lr,B,4
52,5,0.51876,Lee2019_MI,source_plus_target,riemann_lr,B,5
34,5,0.52304,Lee2019_MI,source_plus_target,riemann_lr,B,6
4,5,0.47196,Lee2019_MI,source_plus_target,riemann_lr,B,7
38,5,0.56392,Lee2019_MI,source_plus_target,riemann_lr,B,8
17,5,0.5567599999999999,Lee2019_MI,source_plus_target,riemann_lr,B,9
54,5,0.58668,Lee2019_MI,source_plus_target,riemann_lr,B,10
51,5,0.59576,Lee2019_MI,source_plus_target,riemann_lr,B,11
30,5,0.5940399999999999,Lee2019_MI,source_plus_target,riemann_lr,B,12
25,5,0.58416,Lee2019_MI,source_plus_target,riemann_lr,B,13
12,5,0.58108,Lee2019_MI,source_plus_target,riemann_lr,B,14
48,5,0.5902000000000001,Lee2019_MI,source_plus_target,riemann_lr,B,15
26,5,0.6222000000000001,Lee2019_MI,source_plus_target,riemann_lr,B,16
24,5,0.62,Lee2019_MI,source_plus_target,riemann_lr,B,17
53,5,0.64872,Lee2019_MI,source_plus_target,riemann_lr,B,18
10,5,0.62964,Lee2019_MI,source_plus_target,riemann_lr,B,19
16,5,0.6722,Lee2019_MI,source_plus_target,riemann_lr,B,20
46,5,0.66184,Lee2019_MI,source_plus_target,riemann_lr,B,21
41,5,0.65568,Lee2019_MI,source_plus_target,riemann_lr,B,22
14,5,0.67072,Lee2019_MI,source_plus_target,riemann_lr,B,23
8,5,0.6818799999999999,Lee2019_MI,source_plus_target,riemann_lr,B,24
42,5,0.66532,Lee2019_MI,source_plus_target,riemann_lr,B,25
13,5,0.68916,Lee2019_MI,source_plus_target,riemann_lr,B,26
2,5,0.6668000000000001,Lee2019_MI,source_plus_target,riemann_lr,B,27
31,5,0.6745599999999999,Lee2019_MI,source_plus_target,riemann_lr,B,28
7,5,0.68004,Lee2019_MI,source_plus_target,riemann_lr,B,29
20,5,0.7052400000000001,Lee2019_MI,source_plus_target,riemann_lr,B,30
15,5,0.72496,Lee2019_MI,source_plus_target,riemann_lr,B,31
22,5,0.705,Lee2019_MI,source_plus_target,riemann_lr,B,32
6,5,0.69676,Lee2019_MI,source_plus_target,riemann_lr,B,33
43,5,0.71268,Lee2019_MI,source_plus_target,riemann_lr,B,34
9,5,0.73044,Lee2019_MI,source_plus_target,riemann_lr,B,35
45,5,0.7096,Lee2019_MI,source_plus_target,riemann_lr,B,36
49,5,0.74132,Lee2019_MI,source_plus_target,riemann_lr,B,37
47,5,0.76044,Lee2019_MI,source_plus_target,riemann_lr,B,38
1,5,0.78552,Lee2019_MI,source_plus_target,riemann_lr,B,39
18,5,0.78524,Lee2019_MI,source_plus_target,riemann_lr,B,40
19,5,0.81612,Lee2019_MI,source_plus_target,riemann_lr,B,41
23,5,0.82552,Lee2019_MI,source_plus_target,riemann_lr,B,42
5,5,0.8215199999999999,Lee2019_MI,source_plus_target,riemann_lr,B,43
39,5,0.83948,Lee2019_MI,source_plus_target,riemann_lr,B,44
29,5,0.84824,Lee2019_MI,source_plus_target,riemann_lr,B,45
3,5,0.8489599999999999,Lee2019_MI,source_plus_target,riemann_lr,B,46
28,5,0.8746,Lee2019_MI,source_plus_target,riemann_lr,B,47
32,5,0.90048,Lee2019_MI,source_plus_target,riemann_lr,B,48
44,5,0.93656,Lee2019_MI,source_plus_target,riemann_lr,B,49
33,5,0.94444,Lee2019_MI,source_plus_target,riemann_lr,B,50
37,5,0.97168,Lee2019_MI,source_plus_target,riemann_lr,B,51
21,5,0.9872,Lee2019_MI,source_plus_target,riemann_lr,B,52
36,5,0.99972,Lee2019_MI,source_plus_target,riemann_lr,B,53
40,10,0.4993999999999999,Lee2019_MI,source_plus_target,riemann_lr,B,0
27,10,0.49964,Lee2019_MI,source_plus_target,riemann_lr,B,1
35,10,0.4917199999999999,Lee2019_MI,source_plus_target,riemann_lr,B,2
11,10,0.51132,Lee2019_MI,source_plus_target,riemann_lr,B,3
50,10,0.52816,Lee2019_MI,source_plus_target,riemann_lr,B,4
52,10,0.52216,Lee2019_MI,source_plus_target,riemann_lr,B,5
34,10,0.52596,Lee2019_MI,source_plus_target,riemann_lr,B,6
4,10,0.532,Lee2019_MI,source_plus_target,riemann_lr,B,7
38,10,0.5631999999999999,Lee2019_MI,source_plus_target,riemann_lr,B,8
17,10,0.56852,Lee2019_MI,source_plus_target,riemann_lr,B,9
54,10,0.58924,Lee2019_MI,source_plus_target,riemann_lr,B,10
51,10,0.59604,Lee2019_MI,source_plus_target,riemann_lr,B,11
30,10,0.5916399999999999,Lee2019_MI,source_plus_target,riemann_lr,B,12
25,10,0.5953999999999999,Lee2019_MI,source_plus_target,riemann_lr,B,13
12,10,0.60028,Lee2019_MI,source_plus_target,riemann_lr,B,14
48,10,0.61028,Lee2019_MI,source_plus_target,riemann_lr,B,15
26,10,0.61984,Lee2019_MI,source_plus_target,riemann_lr,B,16
24,10,0.62844,Lee2019_MI,source_plus_target,riemann_lr,B,17
53,10,0.64808,Lee2019_MI,source_plus_target,riemann_lr,B,18
10,10,0.64212,Lee2019_MI,source_plus_target,riemann_lr,B,19
16,10,0.66056,Lee2019_MI,source_plus_target,riemann_lr,B,20
46,10,0.6544,Lee2019_MI,source_plus_target,riemann_lr,B,21
41,10,0.6671199999999999,Lee2019_MI,source_plus_target,riemann_lr,B,22
14,10,0.67648,Lee2019_MI,source_plus_target,riemann_lr,B,23
8,10,0.67828,Lee2019_MI,source_plus_target,riemann_lr,B,24
42,10,0.67648,Lee2019_MI,source_plus_target,riemann_lr,B,25
13,10,0.68268,Lee2019_MI,source_plus_target,riemann_lr,B,26
2,10,0.67524,Lee2019_MI,source_plus_target,riemann_lr,B,27
31,10,0.69524,Lee2019_MI,source_plus_target,riemann_lr,B,28
7,10,0.69244,Lee2019_MI,source_plus_target,riemann_lr,B,29
20,10,0.7108399999999999,Lee2019_MI,source_plus_target,riemann_lr,B,30
15,10,0.71948,Lee2019_MI,source_plus_target,riemann_lr,B,31
22,10,0.7118800000000001,Lee2019_MI,source_plus_target,riemann_lr,B,32
6,10,0.70472,Lee2019_MI,source_plus_target,riemann_lr,B,33
43,10,0.71424,Lee2019_MI,source_plus_target,riemann_lr,B,34
9,10,0.7407600000000001,Lee2019_MI,source_plus_target,riemann_lr,B,35
45,10,0.7325999999999999,Lee2019_MI,source_plus_target,riemann_lr,B,36
49,10,0.74256,Lee2019_MI,source_plus_target,riemann_lr,B,37
47,10,0.75944,Lee2019_MI,source_plus_target,riemann_lr,B,38
1,10,0.78904,Lee2019_MI,source_plus_target,riemann_lr,B,39
18,10,0.7982,Lee2019_MI,source_plus_target,riemann_lr,B,40
19,10,0.81944,Lee2019_MI,source_plus_target,riemann_lr,B,41
23,10,0.8326399999999999,Lee2019_MI,source_plus_target,riemann_lr,B,42
5,10,0.8282400000000001,Lee2019_MI,source_plus_target,riemann_lr,B,43
39,10,0.8480800000000001,Lee2019_MI,source_plus_target,riemann_lr,B,44
29,10,0.90976,Lee2019_MI,source_plus_target,riemann_lr,B,45
3,10,0.86452,Lee2019_MI,source_plus_target,riemann_lr,B,46
28,10,0.8789999999999999,Lee2019_MI,source_plus_target,riemann_lr,B,47
32,10,0.90604,Lee2019_MI,source_plus_target,riemann_lr,B,48
44,10,0.94628,Lee2019_MI,source_plus_target,riemann_lr,B,49
33,10,0.94856,Lee2019_MI,source_plus_target,riemann_lr,B,50
37,10,0.97308,Lee2019_MI,source_plus_target,riemann_lr,B,51
21,10,0.98876,Lee2019_MI,source_plus_target,riemann_lr,B,52
36,10,1.0,Lee2019_MI,source_plus_target,riemann_lr,B,53
40,20,0.4916799999999999,Lee2019_MI,source_plus_target,riemann_lr,B,0
27,20,0.5029999999999999,Lee2019_MI,source_plus_target,riemann_lr,B,1
35,20,0.51664,Lee2019_MI,source_plus_target,riemann_lr,B,2
11,20,0.5200400000000001,Lee2019_MI,source_plus_target,riemann_lr,B,3
50,20,0.52112,Lee2019_MI,source_plus_target,riemann_lr,B,4
52,20,0.53748,Lee2019_MI,source_plus_target,riemann_lr,B,5
34,20,0.5328799999999999,Lee2019_MI,source_plus_target,riemann_lr,B,6
4,20,0.60476,Lee2019_MI,source_plus_target,riemann_lr,B,7
38,20,0.56236,Lee2019_MI,source_plus_target,riemann_lr,B,8
17,20,0.5788399999999999,Lee2019_MI,source_plus_target,riemann_lr,B,9
54,20,0.60368,Lee2019_MI,source_plus_target,riemann_lr,B,10
51,20,0.598,Lee2019_MI,source_plus_target,riemann_lr,B,11
30,20,0.59992,Lee2019_MI,source_plus_target,riemann_lr,B,12
25,20,0.61568,Lee2019_MI,source_plus_target,riemann_lr,B,13
12,20,0.62612,Lee2019_MI,source_plus_target,riemann_lr,B,14
48,20,0.64576,Lee2019_MI,source_plus_target,riemann_lr,B,15
26,20,0.61208,Lee2019_MI,source_plus_target,riemann_lr,B,16
24,20,0.64352,Lee2019_MI,source_plus_target,riemann_lr,B,17
53,20,0.6469199999999999,Lee2019_MI,source_plus_target,riemann_lr,B,18
10,20,0.6658000000000001,Lee2019_MI,source_plus_target,riemann_lr,B,19
16,20,0.6552399999999999,Lee2019_MI,source_plus_target,riemann_lr,B,20
46,20,0.65864,Lee2019_MI,source_plus_target,riemann_lr,B,21
41,20,0.6705599999999999,Lee2019_MI,source_plus_target,riemann_lr,B,22
14,20,0.6838,Lee2019_MI,source_plus_target,riemann_lr,B,23
8,20,0.6759999999999999,Lee2019_MI,source_plus_target,riemann_lr,B,24
42,20,0.6890400000000001,Lee2019_MI,source_plus_target,riemann_lr,B,25
13,20,0.6738000000000001,Lee2019_MI,source_plus_target,riemann_lr,B,26
2,20,0.69092,Lee2019_MI,source_plus_target,riemann_lr,B,27
31,20,0.70192,Lee2019_MI,source_plus_target,riemann_lr,B,28
7,20,0.71228,Lee2019_MI,source_plus_target,riemann_lr,B,29
20,20,0.7088,Lee2019_MI,source_plus_target,riemann_lr,B,30
15,20,0.69608,Lee2019_MI,source_plus_target,riemann_lr,B,31
22,20,0.72048,Lee2019_MI,source_plus_target,riemann_lr,B,32
6,20,0.73212,Lee2019_MI,source_plus_target,riemann_lr,B,33
43,20,0.72044,Lee2019_MI,source_plus_target,riemann_lr,B,34
9,20,0.75404,Lee2019_MI,source_plus_target,riemann_lr,B,35
45,20,0.77792,Lee2019_MI,source_plus_target,riemann_lr,B,36
49,20,0.75656,Lee2019_MI,source_plus_target,riemann_lr,B,37
47,20,0.75292,Lee2019_MI,source_plus_target,riemann_lr,B,38
1,20,0.80024,Lee2019_MI,source_plus_target,riemann_lr,B,39
18,20,0.81608,Lee2019_MI,source_plus_target,riemann_lr,B,40
19,20,0.8274800000000001,Lee2019_MI,source_plus_target,riemann_lr,B,41
23,20,0.8402,Lee2019_MI,source_plus_target,riemann_lr,B,42
5,20,0.8427999999999999,Lee2019_MI,source_plus_target,riemann_lr,B,43
39,20,0.85092,Lee2019_MI,source_plus_target,riemann_lr,B,44
29,20,0.95384,Lee2019_MI,source_plus_target,riemann_lr,B,45
3,20,0.89,Lee2019_MI,source_plus_target,riemann_lr,B,46
28,20,0.88888,Lee2019_MI,source_plus_target,riemann_lr,B,47
32,20,0.9198,Lee2019_MI,source_plus_target,riemann_lr,B,48
44,20,0.96156,Lee2019_MI,source_plus_target,riemann_lr,B,49
33,20,0.96004,Lee2019_MI,source_plus_target,riemann_lr,B,50
37,20,0.97712,Lee2019_MI,source_plus_target,riemann_lr,B,51
21,20,0.99008,Lee2019_MI,source_plus_target,riemann_lr,B,52
36,20,1.0,Lee2019_MI,source_plus_target,riemann_lr,B,53
40,40,0.47996,Lee2019_MI,source_plus_target,riemann_lr,B,0
27,40,0.50444,Lee2019_MI,source_plus_target,riemann_lr,B,1
35,40,0.54596,Lee2019_MI,source_plus_target,riemann_lr,B,2
11,40,0.5332800000000001,Lee2019_MI,source_plus_target,riemann_lr,B,3
50,40,0.5182800000000001,Lee2019_MI,source_plus_target,riemann_lr,B,4
52,40,0.55552,Lee2019_MI,source_plus_target,riemann_lr,B,5
34,40,0.5487599999999999,Lee2019_MI,source_plus_target,riemann_lr,B,6
4,40,0.6981200000000001,Lee2019_MI,source_plus_target,riemann_lr,B,7
38,40,0.5753199999999999,Lee2019_MI,source_plus_target,riemann_lr,B,8
17,40,0.60248,Lee2019_MI,source_plus_target,riemann_lr,B,9
54,40,0.62408,Lee2019_MI,source_plus_target,riemann_lr,B,10
51,40,0.61164,Lee2019_MI,source_plus_target,riemann_lr,B,11
30,40,0.62592,Lee2019_MI,source_plus_target,riemann_lr,B,12
25,40,0.64828,Lee2019_MI,source_plus_target,riemann_lr,B,13
12,40,0.6615599999999999,Lee2019_MI,source_plus_target,riemann_lr,B,14
48,40,0.65036,Lee2019_MI,source_plus_target,riemann_lr,B,15
26,40,0.60008,Lee2019_MI,source_plus_target,riemann_lr,B,16
24,40,0.6571199999999999,Lee2019_MI,source_plus_target,riemann_lr,B,17
53,40,0.65044,Lee2019_MI,source_plus_target,riemann_lr,B,18
10,40,0.6987599999999999,Lee2019_MI,source_plus_target,riemann_lr,B,19
16,40,0.65168,Lee2019_MI,source_plus_target,riemann_lr,B,20
46,40,0.66064,Lee2019_MI,source_plus_target,riemann_lr,B,21
41,40,0.70232,Lee2019_MI,source_plus_target,riemann_lr,B,22
14,40,0.7041600000000001,Lee2019_MI,source_plus_target,riemann_lr,B,23
8,40,0.67192,Lee2019_MI,source_plus_target,riemann_lr,B,24
42,40,0.70748,Lee2019_MI,source_plus_target,riemann_lr,B,25
13,40,0.67308,Lee2019_MI,source_plus_target,riemann_lr,B,26
2,40,0.72524,Lee2019_MI,source_plus_target,riemann_lr,B,27
31,40,0.72976,Lee2019_MI,source_plus_target,riemann_lr,B,28
7,40,0.7343200000000001,Lee2019_MI,source_plus_target,riemann_lr,B,29
20,40,0.7085199999999999,Lee2019_MI,source_plus_target,riemann_lr,B,30
15,40,0.67668,Lee2019_MI,source_plus_target,riemann_lr,B,31
22,40,0.73816,Lee2019_MI,source_plus_target,riemann_lr,B,32
6,40,0.7624799999999999,Lee2019_MI,source_plus_target,riemann_lr,B,33
43,40,0.7300800000000001,Lee2019_MI,source_plus_target,riemann_lr,B,34
9,40,0.7804399999999999,Lee2019_MI,source_plus_target,riemann_lr,B,35
45,40,0.83332,Lee2019_MI,source_plus_target,riemann_lr,B,36
49,40,0.76076,Lee2019_MI,source_plus_target,riemann_lr,B,37
47,40,0.77572,Lee2019_MI,source_plus_target,riemann_lr,B,38
1,40,0.80984,Lee2019_MI,source_plus_target,riemann_lr,B,39
18,40,0.8368,Lee2019_MI,source_plus_target,riemann_lr,B,40
19,40,0.82492,Lee2019_MI,source_plus_target,riemann_lr,B,41
23,40,0.86112,Lee2019_MI,source_plus_target,riemann_lr,B,42
5,40,0.87712,Lee2019_MI,source_plus_target,riemann_lr,B,43
39,40,0.85272,Lee2019_MI,source_plus_target,riemann_lr,B,44
29,40,0.97964,Lee2019_MI,source_plus_target,riemann_lr,B,45
3,40,0.92164,Lee2019_MI,source_plus_target,riemann_lr,B,46
28,40,0.90368,Lee2019_MI,source_plus_target,riemann_lr,B,47
32,40,0.92996,Lee2019_MI,source_plus_target,riemann_lr,B,48
44,40,0.974,Lee2019_MI,source_plus_target,riemann_lr,B,49
33,40,0.96868,Lee2019_MI,source_plus_target,riemann_lr,B,50
37,40,0.98332,Lee2019_MI,source_plus_target,riemann_lr,B,51
21,40,0.99308,Lee2019_MI,source_plus_target,riemann_lr,B,52
36,40,1.0,Lee2019_MI,source_plus_target,riemann_lr,B,53
2,5,0.5391975308641974,BNCI2014_001,subject,riemann_lr,C,0
6,5,0.6412808641975308,BNCI2014_001,subject,riemann_lr,C,1
5,5,0.5221643518518518,BNCI2014_001,subject,riemann_lr,C,2
4,5,0.624363425925926,BNCI2014_001,subject,riemann_lr,C,3
9,5,0.918846450617284,BNCI2014_001,subject,riemann_lr,C,4
7,5,0.5677854938271605,BNCI2014_001,subject,riemann_lr,C,5
3,5,0.9657600308641976,BNCI2014_001,subject,riemann_lr,C,6
1,5,0.8277391975308642,BNCI2014_001,subject,riemann_lr,C,7
8,5,0.9763117283950618,BNCI2014_001,subject,riemann_lr,C,8
2,10,0.5609182098765432,BNCI2014_001,subject,riemann_lr,C,0
6,10,0.6582561728395062,BNCI2014_001,subject,riemann_lr,C,1
5,10,0.5282986111111111,BNCI2014_001,subject,riemann_lr,C,2
4,10,0.6793016975308641,BNCI2014_001,subject,riemann_lr,C,3
9,10,0.9282407407407408,BNCI2014_001,subject,riemann_lr,C,4
7,10,0.6043402777777778,BNCI2014_001,subject,riemann_lr,C,5
3,10,0.9809799382716048,BNCI2014_001,subject,riemann_lr,C,6
1,10,0.901658950617284,BNCI2014_001,subject,riemann_lr,C,7
8,10,0.9869984567901234,BNCI2014_001,subject,riemann_lr,C,8
2,20,0.5701774691358025,BNCI2014_001,subject,riemann_lr,C,0
6,20,0.7171103395061729,BNCI2014_001,subject,riemann_lr,C,1
5,20,0.5937692901234568,BNCI2014_001,subject,riemann_lr,C,2
4,20,0.7241512345679013,BNCI2014_001,subject,riemann_lr,C,3
9,20,0.9320408950617284,BNCI2014_001,subject,riemann_lr,C,4
7,20,0.632349537037037,BNCI2014_001,subject,riemann_lr,C,5
3,20,0.983159722222222,BNCI2014_001,subject,riemann_lr,C,6
1,20,0.9256558641975308,BNCI2014_001,subject,riemann_lr,C,7
8,20,0.989795524691358,BNCI2014_001,subject,riemann_lr,C,8
2,40,0.6099344135802469,BNCI2014_001,subject,riemann_lr,C,0
6,40,0.7410493827160495,BNCI2014_001,subject,riemann_lr,C,1
5,40,0.6342206790123457,BNCI2014_001,subject,riemann_lr,C,2
4,40,0.7358796296296296,BNCI2014_001,subject,riemann_lr,C,3
9,40,0.9183449074074076,BNCI2014_001,subject,riemann_lr,C,4
7,40,0.7039158950617284,BNCI2014_001,subject,riemann_lr,C,5
3,40,0.9904706790123458,BNCI2014_001,subject,riemann_lr,C,6
1,40,0.9511766975308642,BNCI2014_001,subject,riemann_lr,C,7
8,40,0.9933256172839506,BNCI2014_001,subject,riemann_lr,C,8
2,0,0.5148533950617284,BNCI2014_001,source_plus_target,riemann_lr,D,0
6,0,0.5530478395061729,BNCI2014_001,source_plus_target,riemann_lr,D,1
5,0,0.5906635802469137,BNCI2014_001,source_plus_target,riemann_lr,D,2
4,0,0.577932098765432,BNCI2014_001,source_plus_target,riemann_lr,D,3
9,0,0.5706018518518519,BNCI2014_001,source_plus_target,riemann_lr,D,4
7,0,0.6618441358024691,BNCI2014_001,source_plus_target,riemann_lr,D,5
3,0,0.7640817901234568,BNCI2014_001,source_plus_target,riemann_lr,D,6
1,0,0.8827160493827162,BNCI2014_001,source_plus_target,riemann_lr,D,7
8,0,0.8917824074074074,BNCI2014_001,source_plus_target,riemann_lr,D,8
2,5,0.5155092592592593,BNCI2014_001,source_plus_target,riemann_lr,D,0
6,5,0.5580246913580247,BNCI2014_001,source_plus_target,riemann_lr,D,1
5,5,0.5739776234567902,BNCI2014_001,source_plus_target,riemann_lr,D,2
4,5,0.5892361111111111,BNCI2014_001,source_plus_target,riemann_lr,D,3
9,5,0.625,BNCI2014_001,source_plus_target,riemann_lr,D,4
7,5,0.6735918209876542,BNCI2014_001,source_plus_target,riemann_lr,D,5
3,5,0.782986111111111,BNCI2014_001,source_plus_target,riemann_lr,D,6
1,5,0.8858217592592593,BNCI2014_001,source_plus_target,riemann_lr,D,7
8,5,0.9022376543209876,BNCI2014_001,source_plus_target,riemann_lr,D,8
2,10,0.5121720679012346,BNCI2014_001,source_plus_target,riemann_lr,D,0
6,10,0.5577546296296296,BNCI2014_001,source_plus_target,riemann_lr,D,1
5,10,0.5695216049382716,BNCI2014_001,source_plus_target,riemann_lr,D,2
4,10,0.594849537037037,BNCI2014_001,source_plus_target,riemann_lr,D,3
9,10,0.6713541666666667,BNCI2014_001,source_plus_target,riemann_lr,D,4
7,10,0.6811921296296297,BNCI2014_001,source_plus_target,riemann_lr,D,5
3,10,0.8193094135802468,BNCI2014_001,source_plus_target,riemann_lr,D,6
1,10,0.8916473765432098,BNCI2014_001,source_plus_target,riemann_lr,D,7
8,10,0.9158564814814816,BNCI2014_001,source_plus_target,riemann_lr,D,8
2,20,0.5285686728395061,BNCI2014_001,source_plus_target,riemann_lr,D,0
6,20,0.5703896604938271,BNCI2014_001,source_plus_target,riemann_lr,D,1
5,20,0.5768904320987654,BNCI2014_001,source_plus_target,riemann_lr,D,2
4,20,0.6126929012345679,BNCI2014_001,source_plus_target,riemann_lr,D,3
9,20,0.7274691358024692,BNCI2014_001,source_plus_target,riemann_lr,D,4
7,20,0.6907793209876543,BNCI2014_001,source_plus_target,riemann_lr,D,5
3,20,0.8362847222222223,BNCI2014_001,source_plus_target,riemann_lr,D,6
1,20,0.9016203703703703,BNCI2014_001,source_plus_target,riemann_lr,D,7
8,20,0.9323881172839508,BNCI2014_001,source_plus_target,riemann_lr,D,8
2,40,0.5388117283950618,BNCI2014_001,source_plus_target,riemann_lr,D,0
6,40,0.5762345679012346,BNCI2014_001,source_plus_target,riemann_lr,D,1
5,40,0.5989776234567901,BNCI2014_001,source_plus_target,riemann_lr,D,2
4,40,0.6329475308641975,BNCI2014_001,source_plus_target,riemann_lr,D,3
9,40,0.788792438271605,BNCI2014_001,source_plus_target,riemann_lr,D,4
7,40,0.7162422839506173,BNCI2014_001,source_plus_target,riemann_lr,D,5
3,40,0.8760416666666666,BNCI2014_001,source_plus_target,riemann_lr,D,6
1,40,0.9146219135802468,BNCI2014_001,source_plus_target,riemann_lr,D,7
8,40,0.9544367283950616,BNCI2014_001,source_plus_target,riemann_lr,D,8
