classification,scope_dataset,metric,budget_per_class,method,contrast,n_pairs,mean_difference,median_difference,ci_lower,ci_upper
post_confirmatory_exploratory_robustness,ALL,roc_auc,5,csp_lda,EA source_plus_target - EA subject,65,0.11335797079772081,0.12284000000000006,0.08849286133665717,0.13776333261514717
post_confirmatory_exploratory_robustness,ALL,roc_auc,10,csp_lda,EA source_plus_target - EA subject,65,0.07713139553656222,0.06033999999999995,0.052831764227207964,0.10109440658831907
post_confirmatory_exploratory_robustness,ALL,roc_auc,20,csp_lda,EA source_plus_target - EA subject,65,0.047713073124406466,0.03176000000000001,0.026047774632003824,0.07105064650997153
post_confirmatory_exploratory_robustness,ALL,roc_auc,40,csp_lda,EA source_plus_target - EA subject,65,0.030497075023741688,0.014559999999999906,0.007514116607312436,0.054128268696581196
post_confirmatory_exploratory_robustness,ALL,roc_auc,5,logvar_lda,EA source_plus_target - EA subject,65,0.11586741737891737,0.11024000000000012,0.09073323275759733,0.13916249671177586
post_confirmatory_exploratory_robustness,ALL,roc_auc,10,logvar_lda,EA source_plus_target - EA subject,65,0.06616187464387463,0.06752000000000002,0.043526183618233606,0.08677303742877492
post_confirmatory_exploratory_robustness,ALL,roc_auc,20,logvar_lda,EA source_plus_target - EA subject,65,0.042477063152896476,0.03955999999999993,0.021371584817188982,0.063038121236942
post_confirmatory_exploratory_robustness,ALL,roc_auc,40,logvar_lda,EA source_plus_target - EA subject,65,0.036281293922127256,0.02532000000000001,0.017145516761633433,0.05719890264719846
post_confirmatory_exploratory_robustness,ALL,roc_auc,5,riemann_lr,EA source_plus_target - EA subject,65,0.05430716809116809,0.05284,0.03210914348290597,0.07819011619183283
post_confirmatory_exploratory_robustness,ALL,roc_auc,10,riemann_lr,EA source_plus_target - EA subject,65,0.028989022317188987,0.018360000000000043,0.007165781196581184,0.05263027513057928
post_confirmatory_exploratory_robustness,ALL,roc_auc,20,riemann_lr,EA source_plus_target - EA subject,65,0.002074248338081677,-0.007360000000000033,-0.019524300225546045,0.024207810078347557
post_confirmatory_exploratory_robustness,ALL,roc_auc,40,riemann_lr,EA source_plus_target - EA subject,65,-0.016299794396961064,-0.015839999999999965,-0.03731829292497625,0.005294127789648614
post_confirmatory_exploratory_robustness,BNCI2014_001,roc_auc,5,csp_lda,EA source_plus_target - EA subject,9,0.06383423353909462,0.1234567901234569,-0.014906576860425281,0.13032407407407404
post_confirmatory_exploratory_robustness,BNCI2014_001,roc_auc,10,csp_lda,EA source_plus_target - EA subject,9,0.019442301097393658,0.029398148148148118,-0.04157455632716051,0.07155856159979415
post_confirmatory_exploratory_robustness,BNCI2014_001,roc_auc,20,csp_lda,EA source_plus_target - EA subject,9,-0.004981138545953328,0.008584104938271664,-0.04849253043552809,0.028608592678326522
post_confirmatory_exploratory_robustness,BNCI2014_001,roc_auc,40,csp_lda,EA source_plus_target - EA subject,9,-0.004921124828532266,-0.01305941358024687,-0.03165793252743487,0.024285300925925905
post_confirmatory_exploratory_robustness,BNCI2014_001,roc_auc,5,logvar_lda,EA source_plus_target - EA subject,9,0.0305491255144033,0.042881944444444375,-0.052176327803497916,0.09299899798525371
post_confirmatory_exploratory_robustness,BNCI2014_001,roc_auc,10,logvar_lda,EA source_plus_target - EA subject,9,-0.001877572016460907,0.0008101851851850528,-0.0687384259259259,0.052877282664608935
post_confirmatory_exploratory_robustness,BNCI2014_001,roc_auc,20,logvar_lda,EA source_plus_target - EA subject,9,-0.016754543895747622,-0.011998456790123457,-0.07248146004801098,0.03190457818930043
post_confirmatory_exploratory_robustness,BNCI2014_001,roc_auc,40,logvar_lda,EA source_plus_target - EA subject,9,-0.019879543895747642,-0.010686728395061684,-0.06831179269547327,0.023573281035665226
post_confirmatory_exploratory_robustness,BNCI2014_001,roc_auc,5,riemann_lr,EA source_plus_target - EA subject,9,-0.038786008230452716,0.004822530864197594,-0.0998921896433471,0.01229648919753075
post_confirmatory_exploratory_robustness,BNCI2014_001,roc_auc,10,riemann_lr,EA source_plus_target - EA subject,9,-0.06735039437585735,-0.050405092592592626,-0.11901389960562411,-0.02577798139574759
post_confirmatory_exploratory_robustness,BNCI2014_001,roc_auc,20,riemann_lr,EA source_plus_target - EA subject,9,-0.08625042866941011,-0.051273148148147873,-0.1327901020233196,-0.042754683213305916
post_confirmatory_exploratory_robustness,BNCI2014_001,roc_auc,40,riemann_lr,EA source_plus_target - EA subject,9,-0.08482295953360769,-0.07575231481481481,-0.12527161565500688,-0.04846257716049384
post_confirmatory_exploratory_robustness,Lee2019_MI,roc_auc,5,csp_lda,EA source_plus_target - EA subject,54,0.12034296296296297,0.11662,0.09391895370370372,0.1473050462962963
post_confirmatory_exploratory_robustness,Lee2019_MI,roc_auc,10,csp_lda,EA source_plus_target - EA subject,54,0.08612962962962964,0.06580999999999998,0.05901818518518517,0.1126794722222222
post_confirmatory_exploratory_robustness,Lee2019_MI,roc_auc,20,csp_lda,EA source_plus_target - EA subject,54,0.056734444444444455,0.039329999999999976,0.03139375925925928,0.08265052777777777
post_confirmatory_exploratory_robustness,Lee2019_MI,roc_auc,40,csp_lda,EA source_plus_target - EA subject,54,0.03613703703703705,0.024319999999999953,0.007966574074074084,0.06395168518518514
post_confirmatory_exploratory_robustness,Lee2019_MI,roc_auc,5,logvar_lda,EA source_plus_target - EA subject,54,0.13040370370370372,0.13935999999999998,0.10533950925925926,0.15384419444444442
post_confirmatory_exploratory_robustness,Lee2019_MI,roc_auc,10,logvar_lda,EA source_plus_target - EA subject,54,0.07797296296296297,0.07509999999999994,0.05448452777777776,0.10104040740740741
post_confirmatory_exploratory_robustness,Lee2019_MI,roc_auc,20,logvar_lda,EA source_plus_target - EA subject,54,0.05296444444444445,0.048360000000000014,0.03106732407407408,0.07542762037037037
post_confirmatory_exploratory_robustness,Lee2019_MI,roc_auc,40,logvar_lda,EA source_plus_target - EA subject,54,0.046269629629629654,0.048649999999999916,0.02478759259259261,0.06998394444444442
post_confirmatory_exploratory_robustness,Lee2019_MI,roc_auc,5,riemann_lr,EA source_plus_target - EA subject,54,0.0685911111111111,0.06959999999999994,0.045994222222222235,0.09185807407407406
post_confirmatory_exploratory_robustness,Lee2019_MI,roc_auc,10,riemann_lr,EA source_plus_target - EA subject,54,0.04422518518518519,0.02706000000000003,0.020725722222222253,0.06801553703703703
post_confirmatory_exploratory_robustness,Lee2019_MI,roc_auc,20,riemann_lr,EA source_plus_target - EA subject,54,0.016469629629629633,-0.0028200000000000447,-0.008454351851851826,0.040300777777777776
post_confirmatory_exploratory_robustness,Lee2019_MI,roc_auc,40,riemann_lr,EA source_plus_target - EA subject,54,-0.0056185185185185175,-0.01314000000000004,-0.028168925925925924,0.01636809259259258
post_confirmatory_exploratory_robustness,Zhou2016,roc_auc,5,csp_lda,EA source_plus_target - EA subject,2,0.14761999999999997,0.14761999999999997,0.13715999999999984,0.1580800000000001
post_confirmatory_exploratory_robustness,Zhou2016,roc_auc,10,csp_lda,EA source_plus_target - EA subject,2,0.09377999999999997,0.09377999999999997,0.07095999999999991,0.11660000000000004
post_confirmatory_exploratory_robustness,Zhou2016,roc_auc,20,csp_lda,EA source_plus_target - EA subject,2,0.041260000000000074,0.041260000000000074,0.01660000000000006,0.06592000000000009
post_confirmatory_exploratory_robustness,Zhou2016,roc_auc,40,csp_lda,EA source_plus_target - EA subject,2,0.03759999999999997,0.03759999999999997,0.006199999999999983,0.06899999999999995
post_confirmatory_exploratory_robustness,Zhou2016,roc_auc,5,logvar_lda,EA source_plus_target - EA subject,2,0.10732000000000003,0.10732000000000003,0.06479999999999997,0.14984000000000008
post_confirmatory_exploratory_robustness,Zhou2016,roc_auc,10,logvar_lda,EA source_plus_target - EA subject,2,0.05344000000000004,0.05344000000000004,0.027039999999999953,0.07984000000000013
post_confirmatory_exploratory_robustness,Zhou2016,roc_auc,20,logvar_lda,EA source_plus_target - EA subject,2,0.025859999999999828,0.025859999999999828,0.006519999999999859,0.045199999999999796
post_confirmatory_exploratory_robustness,Zhou2016,roc_auc,40,logvar_lda,EA source_plus_target - EA subject,2,0.01931999999999995,0.01931999999999995,0.0018799999999998818,0.036760000000000015
post_confirmatory_exploratory_robustness,Zhou2016,roc_auc,5,riemann_lr,EA source_plus_target - EA subject,2,0.08755999999999997,0.08755999999999997,0.05899999999999994,0.11612
post_confirmatory_exploratory_robustness,Zhou2016,roc_auc,10,riemann_lr,EA source_plus_target - EA subject,2,0.05113999999999996,0.05113999999999996,0.01859999999999995,0.08367999999999998
post_confirmatory_exploratory_robustness,Zhou2016,roc_auc,20,riemann_lr,EA source_plus_target - EA subject,2,0.010859999999999925,0.010859999999999925,-0.005160000000000053,0.026879999999999904
post_confirmatory_exploratory_robustness,Zhou2016,roc_auc,40,riemann_lr,EA source_plus_target - EA subject,2,0.0036599999999998856,0.0036599999999998856,0.0020000000000000018,0.005319999999999769
